,ECG_Rate_Mean,HRV_MeanNN,HRV_SDNN,HRV_RMSSD,HRV_SDSD,HRV_CVNN,HRV_CVSD,HRV_MedianNN,HRV_MadNN,HRV_MCVNN,HRV_IQRNN,HRV_HTI,HRV_HF,HRV_HFn,HRV_LnHF,HRV_SD1,HRV_SD2,HRV_SD1SD2,HRV_S,HRV_CSI,HRV_CVI,HRV_CSI_Modified,HRV_PIP,HRV_IALS,HRV_PSS,HRV_GI,HRV_SI,HRV_AI,HRV_PI,HRV_C1d,HRV_C1a,HRV_SD1d,HRV_SD1a,HRV_C2d,HRV_C2a,HRV_SD2d,HRV_SD2a,HRV_Cd,HRV_Ca,HRV_SDNNd,HRV_SDNNa,HRV_DFA_alpha1,HRV_DFA_alpha1_ExpRange,HRV_DFA_alpha1_ExpMean,HRV_DFA_alpha1_DimRange,HRV_DFA_alpha1_DimMean,HRV_ApEn,HRV_SampEn
0,90.00803617060804,170.6153846153846,1.7097008285302202,1.8027756377319946,1.864744681524183,0.010020789346660444,0.010566313476337208,170.0,1.4826,0.008721176470588236,1.0,1.3,,,,1.3185736094872988,1.8698160661445067,0.7051889398972542,7.745565646647687,1.418059676525414,1.5960232490676802,10.606043063675605,0.5384615384615384,0.6666666666666666,1.0,41.17647058823529,41.26124048097573,41.09125925897528,55.55555555555556,0.38461538461538464,0.6153846153846154,0.8257228238447704,1.044465935734187,0.3352744673167227,0.6647255326832773,1.0826775404365159,1.5244741600455083,0.3518751497723474,0.6481248502276528,0.9628106870989346,1.3067001483805587,0.7995728760747004,25.409171997232313,13.01297373717363,9.38855629172157,1.4993308360721094,0.14403768319701893,inf
