,ECG_Rate_Mean,HRV_MeanNN,HRV_SDNN,HRV_RMSSD,HRV_SDSD,HRV_CVNN,HRV_CVSD,HRV_MedianNN,HRV_MadNN,HRV_MCVNN,HRV_IQRNN,HRV_HTI,HRV_HF,HRV_HFn,HRV_LnHF,HRV_SD1,HRV_SD2,HRV_SD1SD2,HRV_S,HRV_CSI,HRV_CVI,HRV_CSI_Modified,HRV_PIP,HRV_IALS,HRV_PSS,HRV_GI,HRV_SI,HRV_AI,HRV_PI,HRV_C1d,HRV_C1a,HRV_SD1d,HRV_SD1a,HRV_C2d,HRV_C2a,HRV_SD2d,HRV_SD2a,HRV_Cd,HRV_Ca,HRV_SDNNd,HRV_SDNNa,HRV_DFA_alpha1,HRV_DFA_alpha1_ExpRange,HRV_DFA_alpha1_ExpMean,HRV_DFA_alpha1_DimRange,HRV_DFA_alpha1_DimMean,HRV_ApEn,HRV_SampEn
0,90.18863441019825,170.3846153846154,2.2560460078960243,2.345207879911715,2.449489742783178,0.013240902077945062,0.013764199746660178,169.0,1.4826,0.008772781065088758,4.0,1.625,,,,1.7320508075688772,2.7797972457128473,0.6230853024407226,15.125983430921975,1.6049166881048926,1.8866937302937898,17.84537195677026,0.46153846153846156,0.5,0.8,50.000000000000014,50.0005571433396,49.99945067510267,40.0,0.4393939393939395,0.5606060606060606,1.1481209945740989,1.2968493288806457,0.6000000000000001,0.39999999999999986,2.15322168769582,1.758098145983065,0.5550847457627118,0.44491525423728806,1.7254775360093004,1.5447859516333116,0.5241818216387618,0.883726032773192,0.7388403625177004,1.093945026765211,0.5692322938512897,0.0285131531036944,-inf
