,ECG_Rate_Mean,HRV_MeanNN,HRV_SDNN,HRV_RMSSD,HRV_SDSD,HRV_CVNN,HRV_CVSD,HRV_MedianNN,HRV_MadNN,HRV_MCVNN,HRV_IQRNN,HRV_HTI,HRV_HF,HRV_HFn,HRV_LnHF,HRV_SD1,HRV_SD2,HRV_SD1SD2,HRV_S,HRV_CSI,HRV_CVI,HRV_CSI_Modified,HRV_PIP,HRV_IALS,HRV_PSS,HRV_GI,HRV_SI,HRV_AI,HRV_PI,HRV_C1d,HRV_C1a,HRV_SD1d,HRV_SD1a,HRV_C2d,HRV_C2a,HRV_SD2d,HRV_SD2a,HRV_Cd,HRV_Ca,HRV_SDNNd,HRV_SDNNa,HRV_DFA_alpha1,HRV_DFA_alpha1_ExpRange,HRV_DFA_alpha1_ExpMean,HRV_DFA_alpha1_DimRange,HRV_DFA_alpha1_DimMean,HRV_ApEn,HRV_SampEn
0,79.94135631578972,192.08333333333334,1.378954368902449,1.6236882817719773,1.6787441193290351,0.007178938146129886,0.008453040946318319,192.0,1.4826,0.007721875,1.25,1.0,,,,1.1870513506545994,1.317711514848248,0.9008431187544903,4.9140516878906295,1.1100711979490996,1.3984098302067127,5.85101439935567,0.6666666666666666,0.8571428571428571,1.0,38.46153846153846,38.37821745801862,38.54440825361755,57.14285714285714,0.3103448275862069,0.689655172413793,0.6708203932499368,0.9999999999999999,0.356972870061874,0.6430271299381259,0.7872958216222155,1.0566593233487493,0.3357541174944877,0.6642458825055123,0.7313804450297393,1.0287198174478405,0.6444992482493559,1.315002116294202,0.8528501594857036,1.205009009253182,0.4150341823329164,0.030716580297483365,inf
