,ECG_Rate_Mean,HRV_MeanNN,HRV_SDNN,HRV_RMSSD,HRV_SDSD,HRV_CVNN,HRV_CVSD,HRV_MedianNN,HRV_MadNN,HRV_MCVNN,HRV_IQRNN,HRV_HTI,HRV_HF,HRV_HFn,HRV_LnHF,HRV_SD1,HRV_SD2,HRV_SD1SD2,HRV_S,HRV_CSI,HRV_CVI,HRV_CSI_Modified,HRV_PIP,HRV_IALS,HRV_PSS,HRV_GI,HRV_SI,HRV_AI,HRV_PI,HRV_C1d,HRV_C1a,HRV_SD1d,HRV_SD1a,HRV_C2d,HRV_C2a,HRV_SD2d,HRV_SD2a,HRV_Cd,HRV_Ca,HRV_SDNNd,HRV_SDNNa,HRV_DFA_alpha1,HRV_DFA_alpha1_ExpRange,HRV_DFA_alpha1_ExpMean,HRV_DFA_alpha1_DimRange,HRV_DFA_alpha1_DimMean,HRV_ApEn,HRV_SampEn
0,89.86768332790678,170.84615384615384,2.2673829938997163,2.362907813126304,2.4664414311581235,0.013271489833721888,0.01383061754643942,171.0,2.9652,0.017340350877192982,4.0,1.8571428571428572,,,,1.7440374613713623,2.7544729463404076,0.6331655802568292,15.091909529878281,1.579365700192314,1.885714303072222,17.401280374230815,0.46153846153846156,0.5,0.8,52.17391304347827,52.152784403401455,52.19505096109525,50.0,0.5373134328358208,0.462686567164179,1.2792042981336624,1.1870513506545994,0.4585621567648526,0.5414378432351473,1.8652524404666158,2.0268089563287766,0.48111863199145,0.5188813680085501,1.599301457360416,1.6608801062306473,0.6307693198253702,0.4409420605509293,0.708971026871477,0.5114300902884323,0.7747599541570243,0.08701137698962969,-inf
