,ECG_Rate_Mean,HRV_MeanNN,HRV_SDNN,HRV_RMSSD,HRV_SDSD,HRV_CVNN,HRV_CVSD,HRV_MedianNN,HRV_MadNN,HRV_MCVNN,HRV_IQRNN,HRV_HTI,HRV_HF,HRV_HFn,HRV_LnHF,HRV_SD1,HRV_SD2,HRV_SD1SD2,HRV_S,HRV_CSI,HRV_CVI,HRV_CSI_Modified,HRV_PIP,HRV_IALS,HRV_PSS,HRV_GI,HRV_SI,HRV_AI,HRV_PI,HRV_C1d,HRV_C1a,HRV_SD1d,HRV_SD1a,HRV_C2d,HRV_C2a,HRV_SD2d,HRV_SD2a,HRV_Cd,HRV_Ca,HRV_SDNNd,HRV_SDNNa,HRV_DFA_alpha1,HRV_DFA_alpha1_ExpRange,HRV_DFA_alpha1_ExpMean,HRV_DFA_alpha1_DimRange,HRV_DFA_alpha1_DimMean,HRV_ApEn,HRV_SampEn
0,80.08761609326575,191.83333333333334,1.6966991126265962,1.7056057308448835,1.7477257950106058,0.008844652194404497,0.008891081133856909,192.0,2.2239,0.0115828125,2.5,1.0,,,,1.2358287613066492,1.9817347772274556,0.6236095644623214,7.694026925589187,1.6035674514745517,1.5931238117680886,12.711381544868479,0.5,0.6,1.0,62.500000000000014,62.47498766666612,62.524931227243684,50.0,0.7500000000000001,0.2500000000000001,1.0954451150103321,0.6324555320336759,0.4351851851851863,0.5648148148148139,1.3073220372543686,1.4893561757288998,0.526315789473685,0.47368421052631515,1.2060453783110552,1.1441551070947098,0.6566252439991552,1.91857835851426,1.081031194941737,1.4377715899825168,0.18502115329469226,0.030716580297483365,inf
