,ECG_Rate_Mean,HRV_MeanNN,HRV_SDNN,HRV_RMSSD,HRV_SDSD,HRV_CVNN,HRV_CVSD,HRV_MedianNN,HRV_MadNN,HRV_MCVNN,HRV_IQRNN,HRV_HTI,HRV_HF,HRV_HFn,HRV_LnHF,HRV_SD1,HRV_SD2,HRV_SD1SD2,HRV_S,HRV_CSI,HRV_CVI,HRV_CSI_Modified,HRV_PIP,HRV_IALS,HRV_PSS,HRV_GI,HRV_SI,HRV_AI,HRV_PI,HRV_C1d,HRV_C1a,HRV_SD1d,HRV_SD1a,HRV_C2d,HRV_C2a,HRV_SD2d,HRV_SD2a,HRV_Cd,HRV_Ca,HRV_SDNNd,HRV_SDNNa,HRV_DFA_alpha1,HRV_DFA_alpha1_ExpRange,HRV_DFA_alpha1_ExpMean,HRV_DFA_alpha1_DimRange,HRV_DFA_alpha1_DimMean,HRV_ApEn,HRV_SampEn
0,89.92200942224898,170.84615384615384,1.2810252304406968,1.5811388300841898,1.651445647689541,0.007498121564938793,0.009254752269740868,171.0,0.0,0.0,1.0,1.1818181818181819,,,,1.1677484162422844,1.44074896347614,0.8105148404374496,5.285517017622715,1.233783701554782,1.4300575854119215,7.11029035667523,0.6153846153846154,0.75,1.0,49.999999999999986,50.00000000000027,50.00000000000027,50.0,0.4999999999999999,0.4999999999999999,0.8257228238447704,0.8257228238447704,0.4999999999999999,0.4999999999999999,1.018763362061469,1.018763362061469,0.5000000000000001,0.5000000000000001,0.927280154456292,0.927280154456292,0.9157254543978092,25.20573940630883,13.108814017017082,9.354028628491536,1.5883830475193652,0.18764169517739804,inf
