,ECG_Rate_Mean,HRV_MeanNN,HRV_SDNN,HRV_RMSSD,HRV_SDSD,HRV_CVNN,HRV_CVSD,HRV_MedianNN,HRV_MadNN,HRV_MCVNN,HRV_IQRNN,HRV_HTI,HRV_HF,HRV_HFn,HRV_LnHF,HRV_SD1,HRV_SD2,HRV_SD1SD2,HRV_S,HRV_CSI,HRV_CVI,HRV_CSI_Modified,HRV_PIP,HRV_IALS,HRV_PSS,HRV_GI,HRV_SI,HRV_AI,HRV_PI,HRV_C1d,HRV_C1a,HRV_SD1d,HRV_SD1a,HRV_C2d,HRV_C2a,HRV_SD2d,HRV_SD2a,HRV_Cd,HRV_Ca,HRV_SDNNd,HRV_SDNNa,HRV_DFA_alpha1,HRV_DFA_alpha1_ExpRange,HRV_DFA_alpha1_ExpMean,HRV_DFA_alpha1_DimRange,HRV_DFA_alpha1_DimMean,HRV_ApEn,HRV_SampEn
0,91.37565266231324,65.64864864864865,3.8673578133470468,3.2829526005987018,3.3123146848433005,0.058909937873133277,0.050007923516736094,65.0,4.4478,0.0684276923076923,6.0,1.3703703703703705,,,,2.3421601750764793,4.796658890095949,0.4882899177826732,35.29435909295793,2.047963645329817,2.254675409951279,39.29353210385829,0.5405405405405406,0.53125,0.7647058823529411,56.122448979591844,56.393835903228776,55.86675844825726,43.75,0.5335051546391751,0.46649484536082486,1.7196345126633323,1.6080156360291669,0.5668314744547929,0.4331685255452072,3.6113186753533544,3.1569469322401664,0.5603614956480915,0.43963850435190843,2.828318001224293,2.505197419236145,1.028982268353743,1.1414811126013005,1.4791692335635385,2.6676374073812807,0.43335162316426395,0.062279913469042825,1.3862943611198906
