ECG_Rate_Mean,HRV_MeanNN,HRV_SDNN,HRV_RMSSD,HRV_SDSD,HRV_CVNN,HRV_CVSD,HRV_MedianNN,HRV_MadNN,HRV_MCVNN,HRV_IQRNN,HRV_HTI,HRV_HF,HRV_HFn,HRV_LnHF,HRV_SD1,HRV_SD2,HRV_SD1SD2,HRV_S,HRV_CSI,HRV_CVI,HRV_CSI_Modified,HRV_PIP,HRV_IALS,HRV_PSS,HRV_GI,HRV_SI,HRV_AI,HRV_PI,HRV_C1d,HRV_C1a,HRV_SD1d,HRV_SD1a,HRV_C2d,HRV_C2a,HRV_SD2d,HRV_SD2a,HRV_Cd,HRV_Ca,HRV_SDNNd,HRV_SDNNa,HRV_DFA_alpha1,HRV_DFA_alpha1_ExpRange,HRV_DFA_alpha1_ExpMean,HRV_DFA_alpha1_DimRange,HRV_DFA_alpha1_DimMean,HRV_ApEn,HRV_SampEn,target_emotion,valence,arousal,dominance,stress_bin,participant,,
81.30583223,188.9365672,10.88119459,6.522357312,6.534573028,0.057591787,0.034521413,188,10.3782,0.055203191,15,3.354717572,0.074328772,0.627252816,-2.599257821,4.6206409,14.70517626,0.314219237,213.4626458,3.182504303,3.036291987,187.1974857,0.51119403,0.483613466,0.684093319,49.7897675,49.78490348,49.79493436,49.80167584,0.53197355,0.46802645,3.37014833,3.161081214,0.518971023,0.481028977,10.59236049,10.19790926,0.520135624,0.479864376,7.859926294,7.549555518,1.355095498,11.4879791,6.702006261,5.008290482,0.789733126,1.031287797,1.316413657,male,22,calmness,4,3,2,0,1
