ECG_Rate_Mean,HRV_MeanNN,HRV_SDNN,HRV_RMSSD,HRV_SDSD,HRV_CVNN,HRV_CVSD,HRV_MedianNN,HRV_MadNN,HRV_MCVNN,HRV_IQRNN,HRV_HTI,HRV_HF,HRV_HFn,HRV_LnHF,HRV_SD1,HRV_SD2,HRV_SD1SD2,HRV_S,HRV_CSI,HRV_CVI,HRV_CSI_Modified,HRV_PIP,HRV_IALS,HRV_PSS,HRV_GI,HRV_SI,HRV_AI,HRV_PI,HRV_C1d,HRV_C1a,HRV_SD1d,HRV_SD1a,HRV_C2d,HRV_C2a,HRV_SD2d,HRV_SD2a,HRV_Cd,HRV_Ca,HRV_SDNNd,HRV_SDNNa,HRV_DFA_alpha1,HRV_DFA_alpha1_ExpRange,HRV_DFA_alpha1_ExpMean,HRV_DFA_alpha1_DimRange,HRV_DFA_alpha1_DimMean,HRV_ApEn,HRV_SampEn,target_emotion,valence,arousal,dominance,stress_bin,participant,,
73.11672684,210.133871,16.68525052,9.002438163,9.017028661,0.079402954,0.042841435,215.75,12.23145,0.056694767,24.875,3.924679487,0.00751489,0.341422216,-4.890880078,6.376002112,22.73888259,0.280388884,455.4996338,3.567854623,3.365332994,324.5022545,0.611290323,0.58289273,0.810377076,50.12995316,50.12430091,50.13613584,51.337697,0.537173137,0.462826863,4.671130786,4.338669007,0.494165335,0.505834665,15.98253433,16.16896167,0.497209736,0.502790264,11.77422367,11.83876036,0.850323828,1.763327906,1.130856895,1.54645178,0.251747578,0.872689432,0.818238629,male,22,sadness,1,2,5,2,1
