ECG_Rate_Mean,HRV_MeanNN,HRV_SDNN,HRV_RMSSD,HRV_SDSD,HRV_CVNN,HRV_CVSD,HRV_MedianNN,HRV_MadNN,HRV_MCVNN,HRV_IQRNN,HRV_HTI,HRV_HF,HRV_HFn,HRV_LnHF,HRV_SD1,HRV_SD2,HRV_SD1SD2,HRV_S,HRV_CSI,HRV_CVI,HRV_CSI_Modified,HRV_PIP,HRV_IALS,HRV_PSS,HRV_GI,HRV_SI,HRV_AI,HRV_PI,HRV_C1d,HRV_C1a,HRV_SD1d,HRV_SD1a,HRV_C2d,HRV_C2a,HRV_SD2d,HRV_SD2a,HRV_Cd,HRV_Ca,HRV_SDNNd,HRV_SDNNa,HRV_DFA_alpha1,HRV_DFA_alpha1_ExpRange,HRV_DFA_alpha1_ExpMean,HRV_DFA_alpha1_DimRange,HRV_DFA_alpha1_DimMean,HRV_ApEn,HRV_SampEn,target_emotion,valence,arousal,dominance,stress_bin,participant,,
81.97679941,187.3854749,14.92606414,6.255291819,6.26093214,0.079654328,0.033381946,187,14.826,0.079283422,20.5,4.862217306,0.003372196,0.372277851,-5.692197576,4.427147573,20.63352267,0.214560915,286.9775088,4.660681095,3.164816751,384.6650701,0.501862197,0.464595242,0.662606838,49.4514425,49.47264538,49.43140227,50.96726066,0.512726324,0.487273676,3.170026739,3.090392134,0.476092024,0.523907976,14.23609962,14.93367741,0.477704389,0.522295611,10.31308965,10.78352548,1.264646506,19.56642333,10.47305206,7.677403754,1.470796421,1.137445356,1.268463614,male,22,anger,1,2,4,3,1
