,ECG_Rate_Mean,HRV_MeanNN,HRV_SDNN,HRV_RMSSD,HRV_SDSD,HRV_CVNN,HRV_CVSD,HRV_MedianNN,HRV_MadNN,HRV_MCVNN,HRV_IQRNN,HRV_HTI,HRV_HF,HRV_HFn,HRV_LnHF,HRV_SD1,HRV_SD2,HRV_SD1SD2,HRV_S,HRV_CSI,HRV_CVI,HRV_CSI_Modified,HRV_PIP,HRV_IALS,HRV_PSS,HRV_GI,HRV_SI,HRV_AI,HRV_PI,HRV_C1d,HRV_C1a,HRV_SD1d,HRV_SD1a,HRV_C2d,HRV_C2a,HRV_SD2d,HRV_SD2a,HRV_Cd,HRV_Ca,HRV_SDNNd,HRV_SDNNa,HRV_DFA_alpha1,HRV_DFA_alpha1_ExpRange,HRV_DFA_alpha1_ExpMean,HRV_DFA_alpha1_DimRange,HRV_DFA_alpha1_DimMean,HRV_ApEn,HRV_SampEn
0,90.02522303199683,170.6153846153846,1.4455945454184553,1.6072751268321592,1.6583123951777,0.008472826460973814,0.009420458362857561,170.0,1.4826,0.008721176470588236,1.0,1.3,,,,1.1726039399558574,1.6084530493990845,0.7290259049799063,5.925289991999705,1.3716933694250035,1.4796797201449163,8.825217531568606,0.38461538461538464,0.5555555555555556,0.6,40.0,40.0469611220151,39.95314167096861,55.55555555555556,0.38709677419354854,0.6129032258064516,0.7385489458759964,0.929320377284585,0.44137384089800047,0.5586261591019998,1.068591421574509,1.2021786829995706,0.4222353870458145,0.5777646129541854,0.9185156971214959,1.074446357315,0.8834252908597681,25.188491255159686,12.986162021425443,9.3412294903405,1.4866271552753847,0.06161493507558946,-0.0
