,ECG_Rate_Mean,HRV_MeanNN,HRV_SDNN,HRV_RMSSD,HRV_SDSD,HRV_CVNN,HRV_CVSD,HRV_MedianNN,HRV_MadNN,HRV_MCVNN,HRV_IQRNN,HRV_HTI,HRV_HF,HRV_HFn,HRV_LnHF,HRV_SD1,HRV_SD2,HRV_SD1SD2,HRV_S,HRV_CSI,HRV_CVI,HRV_CSI_Modified,HRV_PIP,HRV_IALS,HRV_PSS,HRV_GI,HRV_SI,HRV_AI,HRV_PI,HRV_C1d,HRV_C1a,HRV_SD1d,HRV_SD1a,HRV_C2d,HRV_C2a,HRV_SD2d,HRV_SD2a,HRV_Cd,HRV_Ca,HRV_SDNNd,HRV_SDNNa,HRV_DFA_alpha1,HRV_DFA_alpha1_ExpRange,HRV_DFA_alpha1_ExpMean,HRV_DFA_alpha1_DimRange,HRV_DFA_alpha1_DimMean,HRV_ApEn,HRV_SampEn
0,90.0298504997002,170.69230769230768,1.1094003924504583,1.1902380714238083,1.2154310870109943,0.006499416449687228,0.006973003573010144,171.0,1.4826,0.008670175438596491,1.0,1.3,,,,0.8594395636904107,1.1061124935940494,0.776991100514439,2.986513709279167,1.2870160280316065,1.1821346226329037,5.694338032246197,0.6153846153846154,0.75,1.0,36.36363636363637,36.27596947180937,36.4508078370218,62.5,0.3529411764705881,0.6470588235294118,0.5222329678670934,0.7071067811865475,0.2551599587203332,0.7448400412796667,0.558734591227666,0.9546206079121178,0.29301075268817384,0.7069892473118263,0.5407918343325921,0.8400299116848463,0.2338834584364043,0.76590517559613,0.35714157840675775,0.6754843030682853,0.6265058676446954,0.14403768319701893,inf
