,ECG_Rate_Mean,HRV_MeanNN,HRV_SDNN,HRV_RMSSD,HRV_SDSD,HRV_CVNN,HRV_CVSD,HRV_MedianNN,HRV_MadNN,HRV_MCVNN,HRV_IQRNN,HRV_HTI,HRV_HF,HRV_HFn,HRV_LnHF,HRV_SD1,HRV_SD2,HRV_SD1SD2,HRV_S,HRV_CSI,HRV_CVI,HRV_CSI_Modified,HRV_PIP,HRV_IALS,HRV_PSS,HRV_GI,HRV_SI,HRV_AI,HRV_PI,HRV_C1d,HRV_C1a,HRV_SD1d,HRV_SD1a,HRV_C2d,HRV_C2a,HRV_SD2d,HRV_SD2a,HRV_Cd,HRV_Ca,HRV_SDNNd,HRV_SDNNa,HRV_DFA_alpha1,HRV_DFA_alpha1_ExpRange,HRV_DFA_alpha1_ExpMean,HRV_DFA_alpha1_DimRange,HRV_DFA_alpha1_DimMean,HRV_ApEn,HRV_SampEn
0,90.14664664567276,170.3846153846154,1.757766648262388,2.0615528128088303,2.151461800448216,0.010316463398379704,0.012099407027771916,171.0,1.4826,0.008670175438596491,1.0,1.3,,,,1.521313228560752,2.0916500663351902,0.7273268378138732,9.996720345652083,1.3748977048691078,1.7068276530214526,11.503219502374279,0.5384615384615384,0.6363636363636364,0.8571428571428571,52.380952380952394,52.37189708138035,52.38979840807845,36.36363636363637,0.45098039215686275,0.5490196078431373,1.02247471629109,1.1281521496355322,0.6256493506493507,0.3743506493506493,1.6544533565776067,1.2797593878964477,0.5651528013582342,0.43484719864176563,1.3752582402126254,1.2063397870493129,0.6615751563028107,1.8254010832157974,0.9255408785205971,1.6948700061057278,0.2351724045005624,0.0285131531036944,-inf
