,ECG_Rate_Mean,HRV_MeanNN,HRV_SDNN,HRV_RMSSD,HRV_SDSD,HRV_CVNN,HRV_CVSD,HRV_MedianNN,HRV_MadNN,HRV_MCVNN,HRV_IQRNN,HRV_HTI,HRV_HF,HRV_HFn,HRV_LnHF,HRV_SD1,HRV_SD2,HRV_SD1SD2,HRV_S,HRV_CSI,HRV_CVI,HRV_CSI_Modified,HRV_PIP,HRV_IALS,HRV_PSS,HRV_GI,HRV_SI,HRV_AI,HRV_PI,HRV_C1d,HRV_C1a,HRV_SD1d,HRV_SD1a,HRV_C2d,HRV_C2a,HRV_SD2d,HRV_SD2a,HRV_Cd,HRV_Ca,HRV_SDNNd,HRV_SDNNa,HRV_DFA_alpha1,HRV_DFA_alpha1_ExpRange,HRV_DFA_alpha1_ExpMean,HRV_DFA_alpha1_DimRange,HRV_DFA_alpha1_DimMean,HRV_ApEn,HRV_SampEn
0,90.03594288868959,170.6153846153846,1.9381460874790257,2.101586702153082,2.179449471770337,0.011359738114169222,0.012317685810635737,171.0,1.4826,0.008670175438596491,1.0,1.3,,,,1.541103500742244,2.265518871600002,0.6802430648718691,10.96855365027671,1.4700627637980557,1.7471194738066638,13.321819735283807,0.46153846153846156,0.5,0.8,57.14285714285714,57.203047853850144,57.08275006594611,40.0,0.5283018867924527,0.47169811320754734,1.1281521496355322,1.0660035817780522,0.6454489544895445,0.3545510455104555,1.8201141877820892,1.3489848409118994,0.6080277917294488,0.39197220827055107,1.5141900358430784,1.215755678040152,0.7198260174056184,1.6387319979136188,1.1268553884692074,1.449003763966394,0.3003275153472241,0.08701137698962969,-inf
